act/public/1973/0005	Rates Rebate Act 1973	Income Tax Act 2007	nz/statute/act/public/1973/0005/section/2
act/public/1973/0005	Rates Rebate Act 1973	Social Security Act 2018	nz/statute/act/public/1973/0005/section/2
act/public/1985/0141	Goods and Services Tax Act 1985	Accident Compensation Act 2001	nz/statute/act/public/1985/0141/section/20
act/public/1985/0141	Goods and Services Tax Act 1985	Accident Compensation Act 2001	nz/statute/act/public/1985/0141/section/3
act/public/1985/0141	Goods and Services Tax Act 1985	Accident Compensation Act 2001	nz/statute/act/public/1985/0141/section/5
act/public/1985/0141	Goods and Services Tax Act 1985	Income Tax Act 2007	nz/statute/act/public/1985/0141/schedule/2/clause/3
act/public/1985/0141	Goods and Services Tax Act 1985	Income Tax Act 2007	nz/statute/act/public/1985/0141/schedule/2/clause/6
act/public/1985/0141	Goods and Services Tax Act 1985	Income Tax Act 2007	nz/statute/act/public/1985/0141/section/10
act/public/1985/0141	Goods and Services Tax Act 1985	Income Tax Act 2007	nz/statute/act/public/1985/0141/section/11a
act/public/1985/0141	Goods and Services Tax Act 1985	Income Tax Act 2007	nz/statute/act/public/1985/0141/section/15b
act/public/1985/0141	Goods and Services Tax Act 1985	Income Tax Act 2007	nz/statute/act/public/1985/0141/section/15d
act/public/1985/0141	Goods and Services Tax Act 1985	Income Tax Act 2007	nz/statute/act/public/1985/0141/section/15e
act/public/1985/0141	Goods and Services Tax Act 1985	Income Tax Act 2007	nz/statute/act/public/1985/0141/section/19d
act/public/1985/0141	Goods and Services Tax Act 1985	Income Tax Act 2007	nz/statute/act/public/1985/0141/section/2
act/public/1985/0141	Goods and Services Tax Act 1985	Income Tax Act 2007	nz/statute/act/public/1985/0141/section/20a
act/public/1985/0141	Goods and Services Tax Act 1985	Income Tax Act 2007	nz/statute/act/public/1985/0141/section/20h
act/public/1985/0141	Goods and Services Tax Act 1985	Income Tax Act 2007	nz/statute/act/public/1985/0141/section/21
act/public/1985/0141	Goods and Services Tax Act 1985	Income Tax Act 2007	nz/statute/act/public/1985/0141/section/21i
act/public/1985/0141	Goods and Services Tax Act 1985	Income Tax Act 2007	nz/statute/act/public/1985/0141/section/23a
act/public/1985/0141	Goods and Services Tax Act 1985	Income Tax Act 2007	nz/statute/act/public/1985/0141/section/2a
act/public/1985/0141	Goods and Services Tax Act 1985	Income Tax Act 2007	nz/statute/act/public/1985/0141/section/3
act/public/1985/0141	Goods and Services Tax Act 1985	Income Tax Act 2007	nz/statute/act/public/1985/0141/section/55
act/public/1985/0141	Goods and Services Tax Act 1985	Income Tax Act 2007	nz/statute/act/public/1985/0141/section/60c
act/public/1985/0141	Goods and Services Tax Act 1985	Income Tax Act 2007	nz/statute/act/public/1985/0141/section/61
act/public/1985/0141	Goods and Services Tax Act 1985	Income Tax Act 2007	nz/statute/act/public/1985/0141/section/61a
act/public/1985/0141	Goods and Services Tax Act 1985	Social Security Act 2018	nz/statute/act/public/1985/0141/schedule/2/clause/2
act/public/1987/0129	Parental Leave and Employment Protection Act 1987	Accident Compensation Act 2001	nz/statute/act/public/1987/0129/section/71cb
act/public/1987/0129	Parental Leave and Employment Protection Act 1987	Accident Compensation Act 2001	nz/statute/act/public/1987/0129/section/72a
act/public/1987/0129	Parental Leave and Employment Protection Act 1987	Income Tax Act 2007	nz/statute/act/public/1987/0129/section/2b
act/public/1987/0129	Parental Leave and Employment Protection Act 1987	Income Tax Act 2007	nz/statute/act/public/1987/0129/section/71c
act/public/1987/0129	Parental Leave and Employment Protection Act 1987	Income Tax Act 2007	nz/statute/act/public/1987/0129/section/71g
act/public/1987/0129	Parental Leave and Employment Protection Act 1987	Income Tax Act 2007	nz/statute/act/public/1987/0129/section/71r
act/public/1991/0142	Child Support Act 1991	Income Tax Act 2007	nz/statute/act/public/1991/0142/section/10
act/public/1991/0142	Child Support Act 1991	Income Tax Act 2007	nz/statute/act/public/1991/0142/section/163
act/public/1991/0142	Child Support Act 1991	Income Tax Act 2007	nz/statute/act/public/1991/0142/section/165
act/public/1991/0142	Child Support Act 1991	Income Tax Act 2007	nz/statute/act/public/1991/0142/section/166
act/public/1991/0142	Child Support Act 1991	Income Tax Act 2007	nz/statute/act/public/1991/0142/section/2
act/public/1991/0142	Child Support Act 1991	Income Tax Act 2007	nz/statute/act/public/1991/0142/section/216
act/public/1991/0142	Child Support Act 1991	Income Tax Act 2007	nz/statute/act/public/1991/0142/section/35a
act/public/1991/0142	Child Support Act 1991	Income Tax Act 2007	nz/statute/act/public/1991/0142/section/38
act/public/1991/0142	Child Support Act 1991	Income Tax Act 2007	nz/statute/act/public/1991/0142/section/40
act/public/1991/0142	Child Support Act 1991	Income Tax Act 2007	nz/statute/act/public/1991/0142/section/55
act/public/1991/0142	Child Support Act 1991	Income Tax Act 2007	nz/statute/act/public/1991/0142/section/77
act/public/1991/0142	Child Support Act 1991	Income Tax Act 2007	nz/statute/act/public/1991/0142/section/89b
act/public/1991/0142	Child Support Act 1991	Income Tax Act 2007	nz/statute/act/public/1991/0142/section/90
act/public/1991/0142	Child Support Act 1991	Social Security Act 2018	nz/statute/act/public/1991/0142/schedule/1/part/7/clause/32
act/public/1991/0142	Child Support Act 1991	Social Security Act 2018	nz/statute/act/public/1991/0142/section/2
act/public/1991/0142	Child Support Act 1991	Social Security Act 2018	nz/statute/act/public/1991/0142/section/240
act/public/1991/0142	Child Support Act 1991	Social Security Act 2018	nz/statute/act/public/1991/0142/section/263
act/public/1991/0142	Child Support Act 1991	Social Security Act 2018	nz/statute/act/public/1991/0142/section/35a
act/public/1991/0142	Child Support Act 1991	Social Security Act 2018	nz/statute/act/public/1991/0142/section/89c
act/public/1991/0142	Child Support Act 1991	Social Security Act 2018	nz/statute/act/public/1991/0142/section/89f
act/public/1991/0142	Child Support Act 1991	Social Security Act 2018	nz/statute/act/public/1991/0142/section/9
act/public/1992/0076	Public and Community Housing Management Act 1992	Accident Compensation Act 2001	nz/statute/act/public/1992/0076/section/108
act/public/1992/0076	Public and Community Housing Management Act 1992	Accident Compensation Act 2001	nz/statute/act/public/1992/0076/section/112
act/public/1992/0076	Public and Community Housing Management Act 1992	Accident Compensation Act 2001	nz/statute/act/public/1992/0076/section/145
act/public/1992/0076	Public and Community Housing Management Act 1992	Income Tax Act 2007	nz/statute/act/public/1992/0076/section/107
act/public/1992/0076	Public and Community Housing Management Act 1992	Income Tax Act 2007	nz/statute/act/public/1992/0076/section/153
act/public/1992/0076	Public and Community Housing Management Act 1992	Social Security Act 2018	nz/statute/act/public/1992/0076/schedule/3/clause/1
act/public/1992/0076	Public and Community Housing Management Act 1992	Social Security Act 2018	nz/statute/act/public/1992/0076/schedule/4/part/1/clause/11
act/public/1992/0076	Public and Community Housing Management Act 1992	Social Security Act 2018	nz/statute/act/public/1992/0076/schedule/4/part/5/clause/23
act/public/1992/0076	Public and Community Housing Management Act 1992	Social Security Act 2018	nz/statute/act/public/1992/0076/section/107
act/public/1992/0076	Public and Community Housing Management Act 1992	Social Security Act 2018	nz/statute/act/public/1992/0076/section/114
act/public/1992/0076	Public and Community Housing Management Act 1992	Social Security Act 2018	nz/statute/act/public/1992/0076/section/115a
act/public/1992/0076	Public and Community Housing Management Act 1992	Social Security Act 2018	nz/statute/act/public/1992/0076/section/118a
act/public/1992/0076	Public and Community Housing Management Act 1992	Social Security Act 2018	nz/statute/act/public/1992/0076/section/126
act/public/1992/0076	Public and Community Housing Management Act 1992	Social Security Act 2018	nz/statute/act/public/1992/0076/section/128
act/public/1992/0076	Public and Community Housing Management Act 1992	Social Security Act 2018	nz/statute/act/public/1992/0076/section/136
act/public/1992/0076	Public and Community Housing Management Act 1992	Social Security Act 2018	nz/statute/act/public/1992/0076/section/157
act/public/1992/0076	Public and Community Housing Management Act 1992	Social Security Act 2018	nz/statute/act/public/1992/0076/section/2
act/public/1992/0076	Public and Community Housing Management Act 1992	Social Security Act 2018	nz/statute/act/public/1992/0076/section/99
act/public/1994/0166	Tax Administration Act 1994	Accident Compensation Act 2001	nz/statute/act/public/1994/0166/schedule/7/part/c/subpart/2/clause/41
act/public/1994/0166	Tax Administration Act 1994	Accident Compensation Act 2001	nz/statute/act/public/1994/0166/schedule/7/part/c/subpart/2/clause/42
act/public/1994/0166	Tax Administration Act 1994	Accident Compensation Act 2001	nz/statute/act/public/1994/0166/section/108
act/public/1994/0166	Tax Administration Act 1994	Accident Compensation Act 2001	nz/statute/act/public/1994/0166/section/142
act/public/1994/0166	Tax Administration Act 1994	Accident Compensation Act 2001	nz/statute/act/public/1994/0166/section/143e
act/public/1994/0166	Tax Administration Act 1994	Accident Compensation Act 2001	nz/statute/act/public/1994/0166/section/156a
act/public/1994/0166	Tax Administration Act 1994	Accident Compensation Act 2001	nz/statute/act/public/1994/0166/section/157
act/public/1994/0166	Tax Administration Act 1994	Accident Compensation Act 2001	nz/statute/act/public/1994/0166/section/167
act/public/1994/0166	Tax Administration Act 1994	Accident Compensation Act 2001	nz/statute/act/public/1994/0166/section/168
act/public/1994/0166	Tax Administration Act 1994	Accident Compensation Act 2001	nz/statute/act/public/1994/0166/section/169
act/public/1994/0166	Tax Administration Act 1994	Accident Compensation Act 2001	nz/statute/act/public/1994/0166/section/16c
act/public/1994/0166	Tax Administration Act 1994	Accident Compensation Act 2001	nz/statute/act/public/1994/0166/section/3
act/public/1994/0166	Tax Administration Act 1994	Accident Compensation Act 2001	nz/statute/act/public/1994/0166/section/4a
act/public/1994/0166	Tax Administration Act 1994	Income Tax Act 2007	nz/statute/act/public/1994/0166/schedule/1
act/public/1994/0166	Tax Administration Act 1994	Income Tax Act 2007	nz/statute/act/public/1994/0166/schedule/3
act/public/1994/0166	Tax Administration Act 1994	Income Tax Act 2007	nz/statute/act/public/1994/0166/schedule/4
act/public/1994/0166	Tax Administration Act 1994	Income Tax Act 2007	nz/statute/act/public/1994/0166/schedule/5/part/a/clause/1
act/public/1994/0166	Tax Administration Act 1994	Income Tax Act 2007	nz/statute/act/public/1994/0166/schedule/5/part/a/clause/4
act/public/1994/0166	Tax Administration Act 1994	Income Tax Act 2007	nz/statute/act/public/1994/0166/schedule/5/part/b/clause/1
act/public/1994/0166	Tax Administration Act 1994	Income Tax Act 2007	nz/statute/act/public/1994/0166/schedule/5/part/c/clause/1
act/public/1994/0166	Tax Administration Act 1994	Income Tax Act 2007	nz/statute/act/public/1994/0166/schedule/5/part/c/clause/2
act/public/1994/0166	Tax Administration Act 1994	Income Tax Act 2007	nz/statute/act/public/1994/0166/schedule/5/part/c/clause/3
act/public/1994/0166	Tax Administration Act 1994	Income Tax Act 2007	nz/statute/act/public/1994/0166/schedule/5/part/c/clause/4
act/public/1994/0166	Tax Administration Act 1994	Income Tax Act 2007	nz/statute/act/public/1994/0166/schedule/5/part/c/clause/6
act/public/1994/0166	Tax Administration Act 1994	Income Tax Act 2007	nz/statute/act/public/1994/0166/schedule/6
act/public/1994/0166	Tax Administration Act 1994	Income Tax Act 2007	nz/statute/act/public/1994/0166/schedule/7/part/b/clause/16
act/public/1994/0166	Tax Administration Act 1994	Income Tax Act 2007	nz/statute/act/public/1994/0166/schedule/7/part/c/subpart/1/clause/33
act/public/1994/0166	Tax Administration Act 1994	Income Tax Act 2007	nz/statute/act/public/1994/0166/schedule/7/part/c/subpart/1/clause/35
act/public/1994/0166	Tax Administration Act 1994	Income Tax Act 2007	nz/statute/act/public/1994/0166/schedule/7/part/c/subpart/1/clause/38
act/public/1994/0166	Tax Administration Act 1994	Income Tax Act 2007	nz/statute/act/public/1994/0166/schedule/7/part/c/subpart/1/clause/39c
act/public/1994/0166	Tax Administration Act 1994	Income Tax Act 2007	nz/statute/act/public/1994/0166/schedule/7/part/c/subpart/2/clause/46
act/public/1994/0166	Tax Administration Act 1994	Income Tax Act 2007	nz/statute/act/public/1994/0166/schedule/8/part/a
act/public/1994/0166	Tax Administration Act 1994	Income Tax Act 2007	nz/statute/act/public/1994/0166/schedule/8/part/b/clause/2
act/public/1994/0166	Tax Administration Act 1994	Income Tax Act 2007	nz/statute/act/public/1994/0166/section/100
act/public/1994/0166	Tax Administration Act 1994	Income Tax Act 2007	nz/statute/act/public/1994/0166/section/101
act/public/1994/0166	Tax Administration Act 1994	Income Tax Act 2007	nz/statute/act/public/1994/0166/section/101b
act/public/1994/0166	Tax Administration Act 1994	Income Tax Act 2007	nz/statute/act/public/1994/0166/section/108
act/public/1994/0166	Tax Administration Act 1994	Income Tax Act 2007	nz/statute/act/public/1994/0166/section/113b
act/public/1994/0166	Tax Administration Act 1994	Income Tax Act 2007	nz/statute/act/public/1994/0166/section/113f
act/public/1994/0166	Tax Administration Act 1994	Income Tax Act 2007	nz/statute/act/public/1994/0166/section/113g
act/public/1994/0166	Tax Administration Act 1994	Income Tax Act 2007	nz/statute/act/public/1994/0166/section/119
act/public/1994/0166	Tax Administration Act 1994	Income Tax Act 2007	nz/statute/act/public/1994/0166/section/120c
act/public/1994/0166	Tax Administration Act 1994	Income Tax Act 2007	nz/statute/act/public/1994/0166/section/120d
act/public/1994/0166	Tax Administration Act 1994	Income Tax Act 2007	nz/statute/act/public/1994/0166/section/120h
act/public/1994/0166	Tax Administration Act 1994	Income Tax Act 2007	nz/statute/act/public/1994/0166/section/120kb
act/public/1994/0166	Tax Administration Act 1994	Income Tax Act 2007	nz/statute/act/public/1994/0166/section/120kbb
act/public/1994/0166	Tax Administration Act 1994	Income Tax Act 2007	nz/statute/act/public/1994/0166/section/120kbc
act/public/1994/0166	Tax Administration Act 1994	Income Tax Act 2007	nz/statute/act/public/1994/0166/section/120kc
act/public/1994/0166	Tax Administration Act 1994	Income Tax Act 2007	nz/statute/act/public/1994/0166/section/120kd
act/public/1994/0166	Tax Administration Act 1994	Income Tax Act 2007	nz/statute/act/public/1994/0166/section/120ke
act/public/1994/0166	Tax Administration Act 1994	Income Tax Act 2007	nz/statute/act/public/1994/0166/section/120m
act/public/1994/0166	Tax Administration Act 1994	Income Tax Act 2007	nz/statute/act/public/1994/0166/section/120o
act/public/1994/0166	Tax Administration Act 1994	Income Tax Act 2007	nz/statute/act/public/1994/0166/section/120ob
act/public/1994/0166	Tax Administration Act 1994	Income Tax Act 2007	nz/statute/act/public/1994/0166/section/120od
act/public/1994/0166	Tax Administration Act 1994	Income Tax Act 2007	nz/statute/act/public/1994/0166/section/120oe
act/public/1994/0166	Tax Administration Act 1994	Income Tax Act 2007	nz/statute/act/public/1994/0166/section/120pa
act/public/1994/0166	Tax Administration Act 1994	Income Tax Act 2007	nz/statute/act/public/1994/0166/section/120pb
act/public/1994/0166	Tax Administration Act 1994	Income Tax Act 2007	nz/statute/act/public/1994/0166/section/120q
act/public/1994/0166	Tax Administration Act 1994	Income Tax Act 2007	nz/statute/act/public/1994/0166/section/120v
act/public/1994/0166	Tax Administration Act 1994	Income Tax Act 2007	nz/statute/act/public/1994/0166/section/120vb
act/public/1994/0166	Tax Administration Act 1994	Income Tax Act 2007	nz/statute/act/public/1994/0166/section/120vd
act/public/1994/0166	Tax Administration Act 1994	Income Tax Act 2007	nz/statute/act/public/1994/0166/section/120ve
act/public/1994/0166	Tax Administration Act 1994	Income Tax Act 2007	nz/statute/act/public/1994/0166/section/124i
act/public/1994/0166	Tax Administration Act 1994	Income Tax Act 2007	nz/statute/act/public/1994/0166/section/124zd
act/public/1994/0166	Tax Administration Act 1994	Income Tax Act 2007	nz/statute/act/public/1994/0166/section/124ze
act/public/1994/0166	Tax Administration Act 1994	Income Tax Act 2007	nz/statute/act/public/1994/0166/section/124zg
act/public/1994/0166	Tax Administration Act 1994	Income Tax Act 2007	nz/statute/act/public/1994/0166/section/125
act/public/1994/0166	Tax Administration Act 1994	Income Tax Act 2007	nz/statute/act/public/1994/0166/section/130
act/public/1994/0166	Tax Administration Act 1994	Income Tax Act 2007	nz/statute/act/public/1994/0166/section/133
act/public/1994/0166	Tax Administration Act 1994	Income Tax Act 2007	nz/statute/act/public/1994/0166/section/138e
act/public/1994/0166	Tax Administration Act 1994	Income Tax Act 2007	nz/statute/act/public/1994/0166/section/138m
act/public/1994/0166	Tax Administration Act 1994	Income Tax Act 2007	nz/statute/act/public/1994/0166/section/139b
act/public/1994/0166	Tax Administration Act 1994	Income Tax Act 2007	nz/statute/act/public/1994/0166/section/139bb
act/public/1994/0166	Tax Administration Act 1994	Income Tax Act 2007	nz/statute/act/public/1994/0166/section/139c
act/public/1994/0166	Tax Administration Act 1994	Income Tax Act 2007	nz/statute/act/public/1994/0166/section/14
act/public/1994/0166	Tax Administration Act 1994	Income Tax Act 2007	nz/statute/act/public/1994/0166/section/140b
act/public/1994/0166	Tax Administration Act 1994	Income Tax Act 2007	nz/statute/act/public/1994/0166/section/140cb
act/public/1994/0166	Tax Administration Act 1994	Income Tax Act 2007	nz/statute/act/public/1994/0166/section/141
act/public/1994/0166	Tax Administration Act 1994	Income Tax Act 2007	nz/statute/act/public/1994/0166/section/141b
act/public/1994/0166	Tax Administration Act 1994	Income Tax Act 2007	nz/statute/act/public/1994/0166/section/141ed
act/public/1994/0166	Tax Administration Act 1994	Income Tax Act 2007	nz/statute/act/public/1994/0166/section/141gc
act/public/1994/0166	Tax Administration Act 1994	Income Tax Act 2007	nz/statute/act/public/1994/0166/section/141jb
act/public/1994/0166	Tax Administration Act 1994	Income Tax Act 2007	nz/statute/act/public/1994/0166/section/142a
act/public/1994/0166	Tax Administration Act 1994	Income Tax Act 2007	nz/statute/act/public/1994/0166/section/142ac
act/public/1994/0166	Tax Administration Act 1994	Income Tax Act 2007	nz/statute/act/public/1994/0166/section/14b
act/public/1994/0166	Tax Administration Act 1994	Income Tax Act 2007	nz/statute/act/public/1994/0166/section/14c
act/public/1994/0166	Tax Administration Act 1994	Income Tax Act 2007	nz/statute/act/public/1994/0166/section/14d
act/public/1994/0166	Tax Administration Act 1994	Income Tax Act 2007	nz/statute/act/public/1994/0166/section/14e
act/public/1994/0166	Tax Administration Act 1994	Income Tax Act 2007	nz/statute/act/public/1994/0166/section/14f
act/public/1994/0166	Tax Administration Act 1994	Income Tax Act 2007	nz/statute/act/public/1994/0166/section/14h
act/public/1994/0166	Tax Administration Act 1994	Income Tax Act 2007	nz/statute/act/public/1994/0166/section/150a
act/public/1994/0166	Tax Administration Act 1994	Income Tax Act 2007	nz/statute/act/public/1994/0166/section/157
act/public/1994/0166	Tax Administration Act 1994	Income Tax Act 2007	nz/statute/act/public/1994/0166/section/164
act/public/1994/0166	Tax Administration Act 1994	Income Tax Act 2007	nz/statute/act/public/1994/0166/section/165a
act/public/1994/0166	Tax Administration Act 1994	Income Tax Act 2007	nz/statute/act/public/1994/0166/section/166
act/public/1994/0166	Tax Administration Act 1994	Income Tax Act 2007	nz/statute/act/public/1994/0166/section/166b
act/public/1994/0166	Tax Administration Act 1994	Income Tax Act 2007	nz/statute/act/public/1994/0166/section/167
act/public/1994/0166	Tax Administration Act 1994	Income Tax Act 2007	nz/statute/act/public/1994/0166/section/168
act/public/1994/0166	Tax Administration Act 1994	Income Tax Act 2007	nz/statute/act/public/1994/0166/section/169
act/public/1994/0166	Tax Administration Act 1994	Income Tax Act 2007	nz/statute/act/public/1994/0166/section/173k
act/public/1994/0166	Tax Administration Act 1994	Income Tax Act 2007	nz/statute/act/public/1994/0166/section/173m
act/public/1994/0166	Tax Administration Act 1994	Income Tax Act 2007	nz/statute/act/public/1994/0166/section/173mb
act/public/1994/0166	Tax Administration Act 1994	Income Tax Act 2007	nz/statute/act/public/1994/0166/section/173p
act/public/1994/0166	Tax Administration Act 1994	Income Tax Act 2007	nz/statute/act/public/1994/0166/section/173q
act/public/1994/0166	Tax Administration Act 1994	Income Tax Act 2007	nz/statute/act/public/1994/0166/section/173r
act/public/1994/0166	Tax Administration Act 1994	Income Tax Act 2007	nz/statute/act/public/1994/0166/section/174aa
act/public/1994/0166	Tax Administration Act 1994	Income Tax Act 2007	nz/statute/act/public/1994/0166/section/177b
act/public/1994/0166	Tax Administration Act 1994	Income Tax Act 2007	nz/statute/act/public/1994/0166/section/177c
act/public/1994/0166	Tax Administration Act 1994	Income Tax Act 2007	nz/statute/act/public/1994/0166/section/180
act/public/1994/0166	Tax Administration Act 1994	Income Tax Act 2007	nz/statute/act/public/1994/0166/section/181b
act/public/1994/0166	Tax Administration Act 1994	Income Tax Act 2007	nz/statute/act/public/1994/0166/section/181c
act/public/1994/0166	Tax Administration Act 1994	Income Tax Act 2007	nz/statute/act/public/1994/0166/section/181d
act/public/1994/0166	Tax Administration Act 1994	Income Tax Act 2007	nz/statute/act/public/1994/0166/section/183abab
act/public/1994/0166	Tax Administration Act 1994	Income Tax Act 2007	nz/statute/act/public/1994/0166/section/183abac
act/public/1994/0166	Tax Administration Act 1994	Income Tax Act 2007	nz/statute/act/public/1994/0166/section/184
act/public/1994/0166	Tax Administration Act 1994	Income Tax Act 2007	nz/statute/act/public/1994/0166/section/184aa
act/public/1994/0166	Tax Administration Act 1994	Income Tax Act 2007	nz/statute/act/public/1994/0166/section/185
act/public/1994/0166	Tax Administration Act 1994	Income Tax Act 2007	nz/statute/act/public/1994/0166/section/185f
act/public/1994/0166	Tax Administration Act 1994	Income Tax Act 2007	nz/statute/act/public/1994/0166/section/22
act/public/1994/0166	Tax Administration Act 1994	Income Tax Act 2007	nz/statute/act/public/1994/0166/section/225
act/public/1994/0166	Tax Administration Act 1994	Income Tax Act 2007	nz/statute/act/public/1994/0166/section/225ab
act/public/1994/0166	Tax Administration Act 1994	Income Tax Act 2007	nz/statute/act/public/1994/0166/section/225b
act/public/1994/0166	Tax Administration Act 1994	Income Tax Act 2007	nz/statute/act/public/1994/0166/section/225c
act/public/1994/0166	Tax Administration Act 1994	Income Tax Act 2007	nz/statute/act/public/1994/0166/section/225d
act/public/1994/0166	Tax Administration Act 1994	Income Tax Act 2007	nz/statute/act/public/1994/0166/section/226
act/public/1994/0166	Tax Administration Act 1994	Income Tax Act 2007	nz/statute/act/public/1994/0166/section/226h
act/public/1994/0166	Tax Administration Act 1994	Income Tax Act 2007	nz/statute/act/public/1994/0166/section/226i
act/public/1994/0166	Tax Administration Act 1994	Income Tax Act 2007	nz/statute/act/public/1994/0166/section/227c
act/public/1994/0166	Tax Administration Act 1994	Income Tax Act 2007	nz/statute/act/public/1994/0166/section/227d
act/public/1994/0166	Tax Administration Act 1994	Income Tax Act 2007	nz/statute/act/public/1994/0166/section/227e
act/public/1994/0166	Tax Administration Act 1994	Income Tax Act 2007	nz/statute/act/public/1994/0166/section/227g
act/public/1994/0166	Tax Administration Act 1994	Income Tax Act 2007	nz/statute/act/public/1994/0166/section/227i
act/public/1994/0166	Tax Administration Act 1994	Income Tax Act 2007	nz/statute/act/public/1994/0166/section/22a
act/public/1994/0166	Tax Administration Act 1994	Income Tax Act 2007	nz/statute/act/public/1994/0166/section/22aa
act/public/1994/0166	Tax Administration Act 1994	Income Tax Act 2007	nz/statute/act/public/1994/0166/section/22b
act/public/1994/0166	Tax Administration Act 1994	Income Tax Act 2007	nz/statute/act/public/1994/0166/section/22c
act/public/1994/0166	Tax Administration Act 1994	Income Tax Act 2007	nz/statute/act/public/1994/0166/section/22d
act/public/1994/0166	Tax Administration Act 1994	Income Tax Act 2007	nz/statute/act/public/1994/0166/section/23b
act/public/1994/0166	Tax Administration Act 1994	Income Tax Act 2007	nz/statute/act/public/1994/0166/section/23c
act/public/1994/0166	Tax Administration Act 1994	Income Tax Act 2007	nz/statute/act/public/1994/0166/section/23i
act/public/1994/0166	Tax Administration Act 1994	Income Tax Act 2007	nz/statute/act/public/1994/0166/section/23ib
act/public/1994/0166	Tax Administration Act 1994	Income Tax Act 2007	nz/statute/act/public/1994/0166/section/23j
act/public/1994/0166	Tax Administration Act 1994	Income Tax Act 2007	nz/statute/act/public/1994/0166/section/23k
act/public/1994/0166	Tax Administration Act 1994	Income Tax Act 2007	nz/statute/act/public/1994/0166/section/23l
act/public/1994/0166	Tax Administration Act 1994	Income Tax Act 2007	nz/statute/act/public/1994/0166/section/24b
act/public/1994/0166	Tax Administration Act 1994	Income Tax Act 2007	nz/statute/act/public/1994/0166/section/24f
act/public/1994/0166	Tax Administration Act 1994	Income Tax Act 2007	nz/statute/act/public/1994/0166/section/24h
act/public/1994/0166	Tax Administration Act 1994	Income Tax Act 2007	nz/statute/act/public/1994/0166/section/24hb
act/public/1994/0166	Tax Administration Act 1994	Income Tax Act 2007	nz/statute/act/public/1994/0166/section/25c
act/public/1994/0166	Tax Administration Act 1994	Income Tax Act 2007	nz/statute/act/public/1994/0166/section/25e
act/public/1994/0166	Tax Administration Act 1994	Income Tax Act 2007	nz/statute/act/public/1994/0166/section/25g
act/public/1994/0166	Tax Administration Act 1994	Income Tax Act 2007	nz/statute/act/public/1994/0166/section/25m
act/public/1994/0166	Tax Administration Act 1994	Income Tax Act 2007	nz/statute/act/public/1994/0166/section/25nb
act/public/1994/0166	Tax Administration Act 1994	Income Tax Act 2007	nz/statute/act/public/1994/0166/section/25o
act/public/1994/0166	Tax Administration Act 1994	Income Tax Act 2007	nz/statute/act/public/1994/0166/section/26c
act/public/1994/0166	Tax Administration Act 1994	Income Tax Act 2007	nz/statute/act/public/1994/0166/section/28
act/public/1994/0166	Tax Administration Act 1994	Income Tax Act 2007	nz/statute/act/public/1994/0166/section/29
act/public/1994/0166	Tax Administration Act 1994	Income Tax Act 2007	nz/statute/act/public/1994/0166/section/3
act/public/1994/0166	Tax Administration Act 1994	Income Tax Act 2007	nz/statute/act/public/1994/0166/section/30b
act/public/1994/0166	Tax Administration Act 1994	Income Tax Act 2007	nz/statute/act/public/1994/0166/section/30d
act/public/1994/0166	Tax Administration Act 1994	Income Tax Act 2007	nz/statute/act/public/1994/0166/section/31
act/public/1994/0166	Tax Administration Act 1994	Income Tax Act 2007	nz/statute/act/public/1994/0166/section/31b
act/public/1994/0166	Tax Administration Act 1994	Income Tax Act 2007	nz/statute/act/public/1994/0166/section/31c
act/public/1994/0166	Tax Administration Act 1994	Income Tax Act 2007	nz/statute/act/public/1994/0166/section/31d
act/public/1994/0166	Tax Administration Act 1994	Income Tax Act 2007	nz/statute/act/public/1994/0166/section/32a
act/public/1994/0166	Tax Administration Act 1994	Income Tax Act 2007	nz/statute/act/public/1994/0166/section/32e
act/public/1994/0166	Tax Administration Act 1994	Income Tax Act 2007	nz/statute/act/public/1994/0166/section/32i
act/public/1994/0166	Tax Administration Act 1994	Income Tax Act 2007	nz/statute/act/public/1994/0166/section/32ib
act/public/1994/0166	Tax Administration Act 1994	Income Tax Act 2007	nz/statute/act/public/1994/0166/section/32j
act/public/1994/0166	Tax Administration Act 1994	Income Tax Act 2007	nz/statute/act/public/1994/0166/section/32jb
act/public/1994/0166	Tax Administration Act 1994	Income Tax Act 2007	nz/statute/act/public/1994/0166/section/32m
act/public/1994/0166	Tax Administration Act 1994	Income Tax Act 2007	nz/statute/act/public/1994/0166/section/33
act/public/1994/0166	Tax Administration Act 1994	Income Tax Act 2007	nz/statute/act/public/1994/0166/section/36
act/public/1994/0166	Tax Administration Act 1994	Income Tax Act 2007	nz/statute/act/public/1994/0166/section/36bb
act/public/1994/0166	Tax Administration Act 1994	Income Tax Act 2007	nz/statute/act/public/1994/0166/section/36bc
act/public/1994/0166	Tax Administration Act 1994	Income Tax Act 2007	nz/statute/act/public/1994/0166/section/38
act/public/1994/0166	Tax Administration Act 1994	Income Tax Act 2007	nz/statute/act/public/1994/0166/section/39
act/public/1994/0166	Tax Administration Act 1994	Income Tax Act 2007	nz/statute/act/public/1994/0166/section/39b
act/public/1994/0166	Tax Administration Act 1994	Income Tax Act 2007	nz/statute/act/public/1994/0166/section/41
act/public/1994/0166	Tax Administration Act 1994	Income Tax Act 2007	nz/statute/act/public/1994/0166/section/41a
act/public/1994/0166	Tax Administration Act 1994	Income Tax Act 2007	nz/statute/act/public/1994/0166/section/41b
act/public/1994/0166	Tax Administration Act 1994	Income Tax Act 2007	nz/statute/act/public/1994/0166/section/41c
act/public/1994/0166	Tax Administration Act 1994	Income Tax Act 2007	nz/statute/act/public/1994/0166/section/42
act/public/1994/0166	Tax Administration Act 1994	Income Tax Act 2007	nz/statute/act/public/1994/0166/section/42b
act/public/1994/0166	Tax Administration Act 1994	Income Tax Act 2007	nz/statute/act/public/1994/0166/section/43b
act/public/1994/0166	Tax Administration Act 1994	Income Tax Act 2007	nz/statute/act/public/1994/0166/section/44a
act/public/1994/0166	Tax Administration Act 1994	Income Tax Act 2007	nz/statute/act/public/1994/0166/section/44b
act/public/1994/0166	Tax Administration Act 1994	Income Tax Act 2007	nz/statute/act/public/1994/0166/section/44c
act/public/1994/0166	Tax Administration Act 1994	Income Tax Act 2007	nz/statute/act/public/1994/0166/section/44d
act/public/1994/0166	Tax Administration Act 1994	Income Tax Act 2007	nz/statute/act/public/1994/0166/section/45
act/public/1994/0166	Tax Administration Act 1994	Income Tax Act 2007	nz/statute/act/public/1994/0166/section/46b
act/public/1994/0166	Tax Administration Act 1994	Income Tax Act 2007	nz/statute/act/public/1994/0166/section/46e
act/public/1994/0166	Tax Administration Act 1994	Income Tax Act 2007	nz/statute/act/public/1994/0166/section/4a
act/public/1994/0166	Tax Administration Act 1994	Income Tax Act 2007	nz/statute/act/public/1994/0166/section/4b
act/public/1994/0166	Tax Administration Act 1994	Income Tax Act 2007	nz/statute/act/public/1994/0166/section/54b
act/public/1994/0166	Tax Administration Act 1994	Income Tax Act 2007	nz/statute/act/public/1994/0166/section/54c
act/public/1994/0166	Tax Administration Act 1994	Income Tax Act 2007	nz/statute/act/public/1994/0166/section/54d
act/public/1994/0166	Tax Administration Act 1994	Income Tax Act 2007	nz/statute/act/public/1994/0166/section/54e
act/public/1994/0166	Tax Administration Act 1994	Income Tax Act 2007	nz/statute/act/public/1994/0166/section/56b
act/public/1994/0166	Tax Administration Act 1994	Income Tax Act 2007	nz/statute/act/public/1994/0166/section/57b
act/public/1994/0166	Tax Administration Act 1994	Income Tax Act 2007	nz/statute/act/public/1994/0166/section/57c
act/public/1994/0166	Tax Administration Act 1994	Income Tax Act 2007	nz/statute/act/public/1994/0166/section/59
act/public/1994/0166	Tax Administration Act 1994	Income Tax Act 2007	nz/statute/act/public/1994/0166/section/59d
act/public/1994/0166	Tax Administration Act 1994	Income Tax Act 2007	nz/statute/act/public/1994/0166/section/61
act/public/1994/0166	Tax Administration Act 1994	Income Tax Act 2007	nz/statute/act/public/1994/0166/section/63b
act/public/1994/0166	Tax Administration Act 1994	Income Tax Act 2007	nz/statute/act/public/1994/0166/section/64
act/public/1994/0166	Tax Administration Act 1994	Income Tax Act 2007	nz/statute/act/public/1994/0166/section/65
act/public/1994/0166	Tax Administration Act 1994	Income Tax Act 2007	nz/statute/act/public/1994/0166/section/65b
act/public/1994/0166	Tax Administration Act 1994	Income Tax Act 2007	nz/statute/act/public/1994/0166/section/68c
act/public/1994/0166	Tax Administration Act 1994	Income Tax Act 2007	nz/statute/act/public/1994/0166/section/68cb
act/public/1994/0166	Tax Administration Act 1994	Income Tax Act 2007	nz/statute/act/public/1994/0166/section/68cc
act/public/1994/0166	Tax Administration Act 1994	Income Tax Act 2007	nz/statute/act/public/1994/0166/section/68cd
act/public/1994/0166	Tax Administration Act 1994	Income Tax Act 2007	nz/statute/act/public/1994/0166/section/68ce
act/public/1994/0166	Tax Administration Act 1994	Income Tax Act 2007	nz/statute/act/public/1994/0166/section/69
act/public/1994/0166	Tax Administration Act 1994	Income Tax Act 2007	nz/statute/act/public/1994/0166/section/69b
act/public/1994/0166	Tax Administration Act 1994	Income Tax Act 2007	nz/statute/act/public/1994/0166/section/6j
act/public/1994/0166	Tax Administration Act 1994	Income Tax Act 2007	nz/statute/act/public/1994/0166/section/70
act/public/1994/0166	Tax Administration Act 1994	Income Tax Act 2007	nz/statute/act/public/1994/0166/section/70c
act/public/1994/0166	Tax Administration Act 1994	Income Tax Act 2007	nz/statute/act/public/1994/0166/section/74
act/public/1994/0166	Tax Administration Act 1994	Income Tax Act 2007	nz/statute/act/public/1994/0166/section/78
act/public/1994/0166	Tax Administration Act 1994	Income Tax Act 2007	nz/statute/act/public/1994/0166/section/78b
act/public/1994/0166	Tax Administration Act 1994	Income Tax Act 2007	nz/statute/act/public/1994/0166/section/78c
act/public/1994/0166	Tax Administration Act 1994	Income Tax Act 2007	nz/statute/act/public/1994/0166/section/78d
act/public/1994/0166	Tax Administration Act 1994	Income Tax Act 2007	nz/statute/act/public/1994/0166/section/79
act/public/1994/0166	Tax Administration Act 1994	Income Tax Act 2007	nz/statute/act/public/1994/0166/section/80
act/public/1994/0166	Tax Administration Act 1994	Income Tax Act 2007	nz/statute/act/public/1994/0166/section/80ka
act/public/1994/0166	Tax Administration Act 1994	Income Tax Act 2007	nz/statute/act/public/1994/0166/section/80kf
act/public/1994/0166	Tax Administration Act 1994	Income Tax Act 2007	nz/statute/act/public/1994/0166/section/80klb
act/public/1994/0166	Tax Administration Act 1994	Income Tax Act 2007	nz/statute/act/public/1994/0166/section/80ko
act/public/1994/0166	Tax Administration Act 1994	Income Tax Act 2007	nz/statute/act/public/1994/0166/section/80ku
act/public/1994/0166	Tax Administration Act 1994	Income Tax Act 2007	nz/statute/act/public/1994/0166/section/80kw
act/public/1994/0166	Tax Administration Act 1994	Income Tax Act 2007	nz/statute/act/public/1994/0166/section/89c
act/public/1994/0166	Tax Administration Act 1994	Income Tax Act 2007	nz/statute/act/public/1994/0166/section/89d
act/public/1994/0166	Tax Administration Act 1994	Income Tax Act 2007	nz/statute/act/public/1994/0166/section/89da
act/public/1994/0166	Tax Administration Act 1994	Income Tax Act 2007	nz/statute/act/public/1994/0166/section/90
act/public/1994/0166	Tax Administration Act 1994	Income Tax Act 2007	nz/statute/act/public/1994/0166/section/90a
act/public/1994/0166	Tax Administration Act 1994	Income Tax Act 2007	nz/statute/act/public/1994/0166/section/90aa
act/public/1994/0166	Tax Administration Act 1994	Income Tax Act 2007	nz/statute/act/public/1994/0166/section/90ac
act/public/1994/0166	Tax Administration Act 1994	Income Tax Act 2007	nz/statute/act/public/1994/0166/section/90af
act/public/1994/0166	Tax Administration Act 1994	Income Tax Act 2007	nz/statute/act/public/1994/0166/section/90ag
act/public/1994/0166	Tax Administration Act 1994	Income Tax Act 2007	nz/statute/act/public/1994/0166/section/91
act/public/1994/0166	Tax Administration Act 1994	Income Tax Act 2007	nz/statute/act/public/1994/0166/section/91aa
act/public/1994/0166	Tax Administration Act 1994	Income Tax Act 2007	nz/statute/act/public/1994/0166/section/91aab
act/public/1994/0166	Tax Administration Act 1994	Income Tax Act 2007	nz/statute/act/public/1994/0166/section/91aac
act/public/1994/0166	Tax Administration Act 1994	Income Tax Act 2007	nz/statute/act/public/1994/0166/section/91aad
act/public/1994/0166	Tax Administration Act 1994	Income Tax Act 2007	nz/statute/act/public/1994/0166/section/91aae
act/public/1994/0166	Tax Administration Act 1994	Income Tax Act 2007	nz/statute/act/public/1994/0166/section/91aaf
act/public/1994/0166	Tax Administration Act 1994	Income Tax Act 2007	nz/statute/act/public/1994/0166/section/91aag
act/public/1994/0166	Tax Administration Act 1994	Income Tax Act 2007	nz/statute/act/public/1994/0166/section/91aah
act/public/1994/0166	Tax Administration Act 1994	Income Tax Act 2007	nz/statute/act/public/1994/0166/section/91aan
act/public/1994/0166	Tax Administration Act 1994	Income Tax Act 2007	nz/statute/act/public/1994/0166/section/91aao
act/public/1994/0166	Tax Administration Act 1994	Income Tax Act 2007	nz/statute/act/public/1994/0166/section/91aap
act/public/1994/0166	Tax Administration Act 1994	Income Tax Act 2007	nz/statute/act/public/1994/0166/section/91aaq
act/public/1994/0166	Tax Administration Act 1994	Income Tax Act 2007	nz/statute/act/public/1994/0166/section/91aar
act/public/1994/0166	Tax Administration Act 1994	Income Tax Act 2007	nz/statute/act/public/1994/0166/section/91aas
act/public/1994/0166	Tax Administration Act 1994	Income Tax Act 2007	nz/statute/act/public/1994/0166/section/91aat
act/public/1994/0166	Tax Administration Act 1994	Income Tax Act 2007	nz/statute/act/public/1994/0166/section/91aax
act/public/1994/0166	Tax Administration Act 1994	Income Tax Act 2007	nz/statute/act/public/1994/0166/section/91aay
act/public/1994/0166	Tax Administration Act 1994	Income Tax Act 2007	nz/statute/act/public/1994/0166/section/91c
act/public/1994/0166	Tax Administration Act 1994	Income Tax Act 2007	nz/statute/act/public/1994/0166/section/91cb
act/public/1994/0166	Tax Administration Act 1994	Income Tax Act 2007	nz/statute/act/public/1994/0166/section/91cc
act/public/1994/0166	Tax Administration Act 1994	Income Tax Act 2007	nz/statute/act/public/1994/0166/section/91e
act/public/1994/0166	Tax Administration Act 1994	Income Tax Act 2007	nz/statute/act/public/1994/0166/section/91ed
act/public/1994/0166	Tax Administration Act 1994	Income Tax Act 2007	nz/statute/act/public/1994/0166/section/92ab
act/public/1994/0166	Tax Administration Act 1994	Income Tax Act 2007	nz/statute/act/public/1994/0166/section/93
act/public/1994/0166	Tax Administration Act 1994	Income Tax Act 2007	nz/statute/act/public/1994/0166/section/93c
act/public/1994/0166	Tax Administration Act 1994	Income Tax Act 2007	nz/statute/act/public/1994/0166/section/94
act/public/1994/0166	Tax Administration Act 1994	Income Tax Act 2007	nz/statute/act/public/1994/0166/section/97
act/public/1994/0166	Tax Administration Act 1994	Income Tax Act 2007	nz/statute/act/public/1994/0166/section/97b
act/public/1994/0166	Tax Administration Act 1994	Income Tax Act 2007	nz/statute/act/public/1994/0166/section/97c
act/public/1994/0166	Tax Administration Act 1994	Income Tax Act 2007	nz/statute/act/public/1994/0166/section/98
act/public/1994/0166	Tax Administration Act 1994	Income Tax Act 2007	nz/statute/act/public/1994/0166/section/98b
act/public/1994/0166	Tax Administration Act 1994	Income Tax Act 2007	nz/statute/act/public/1994/0166/section/98c
act/public/1994/0166	Tax Administration Act 1994	Income Tax Act 2007	nz/statute/act/public/1994/0166/section/99
act/public/2001/0049	Accident Compensation Act 2001	Income Tax Act 2007	nz/statute/act/public/2001/0049/schedule/1/part/2/clause/30
act/public/2001/0049	Accident Compensation Act 2001	Income Tax Act 2007	nz/statute/act/public/2001/0049/schedule/4/clause/1
act/public/2001/0049	Accident Compensation Act 2001	Income Tax Act 2007	nz/statute/act/public/2001/0049/schedule/4/clause/22
act/public/2001/0049	Accident Compensation Act 2001	Income Tax Act 2007	nz/statute/act/public/2001/0049/schedule/4/clause/3
act/public/2001/0049	Accident Compensation Act 2001	Income Tax Act 2007	nz/statute/act/public/2001/0049/schedule/4/clause/5
act/public/2001/0049	Accident Compensation Act 2001	Income Tax Act 2007	nz/statute/act/public/2001/0049/schedule/4/clause/8
act/public/2001/0049	Accident Compensation Act 2001	Income Tax Act 2007	nz/statute/act/public/2001/0049/schedule/4/clause/9
act/public/2001/0049	Accident Compensation Act 2001	Income Tax Act 2007	nz/statute/act/public/2001/0049/section/10
act/public/2001/0049	Accident Compensation Act 2001	Income Tax Act 2007	nz/statute/act/public/2001/0049/section/11
act/public/2001/0049	Accident Compensation Act 2001	Income Tax Act 2007	nz/statute/act/public/2001/0049/section/14
act/public/2001/0049	Accident Compensation Act 2001	Income Tax Act 2007	nz/statute/act/public/2001/0049/section/15
act/public/2001/0049	Accident Compensation Act 2001	Income Tax Act 2007	nz/statute/act/public/2001/0049/section/169a
act/public/2001/0049	Accident Compensation Act 2001	Income Tax Act 2007	nz/statute/act/public/2001/0049/section/221
act/public/2001/0049	Accident Compensation Act 2001	Income Tax Act 2007	nz/statute/act/public/2001/0049/section/236
act/public/2001/0049	Accident Compensation Act 2001	Income Tax Act 2007	nz/statute/act/public/2001/0049/section/246
act/public/2001/0049	Accident Compensation Act 2001	Income Tax Act 2007	nz/statute/act/public/2001/0049/section/316
act/public/2001/0049	Accident Compensation Act 2001	Income Tax Act 2007	nz/statute/act/public/2001/0049/section/6
act/public/2001/0049	Accident Compensation Act 2001	Income Tax Act 2007	nz/statute/act/public/2001/0049/section/99
act/public/2001/0049	Accident Compensation Act 2001	Social Security Act 2018	nz/statute/act/public/2001/0049/schedule/1/part/2/clause/42
act/public/2001/0049	Accident Compensation Act 2001	Social Security Act 2018	nz/statute/act/public/2001/0049/section/123
act/public/2001/0049	Accident Compensation Act 2001	Social Security Act 2018	nz/statute/act/public/2001/0049/section/252
act/public/2001/0049	Accident Compensation Act 2001	Social Security Act 2018	nz/statute/act/public/2001/0049/section/253
act/public/2001/0049	Accident Compensation Act 2001	Social Security Act 2018	nz/statute/act/public/2001/0049/section/281
act/public/2001/0084	New Zealand Superannuation and Retirement Income Act 2001	Accident Compensation Act 2001	nz/statute/act/public/2001/0084/section/16
act/public/2001/0084	New Zealand Superannuation and Retirement Income Act 2001	Accident Compensation Act 2001	nz/statute/act/public/2001/0084/section/7
act/public/2001/0084	New Zealand Superannuation and Retirement Income Act 2001	Income Tax Act 2007	nz/statute/act/public/2001/0084/section/10a
act/public/2001/0084	New Zealand Superannuation and Retirement Income Act 2001	Income Tax Act 2007	nz/statute/act/public/2001/0084/section/43
act/public/2001/0084	New Zealand Superannuation and Retirement Income Act 2001	Income Tax Act 2007	nz/statute/act/public/2001/0084/section/5
act/public/2001/0084	New Zealand Superannuation and Retirement Income Act 2001	Social Security Act 2018	nz/statute/act/public/2001/0084/schedule/1aa/part/3/clause/7
act/public/2001/0084	New Zealand Superannuation and Retirement Income Act 2001	Social Security Act 2018	nz/statute/act/public/2001/0084/schedule/1aa/part/3/clause/9
act/public/2001/0084	New Zealand Superannuation and Retirement Income Act 2001	Social Security Act 2018	nz/statute/act/public/2001/0084/section/11
act/public/2001/0084	New Zealand Superannuation and Retirement Income Act 2001	Social Security Act 2018	nz/statute/act/public/2001/0084/section/15
act/public/2001/0084	New Zealand Superannuation and Retirement Income Act 2001	Social Security Act 2018	nz/statute/act/public/2001/0084/section/17
act/public/2001/0084	New Zealand Superannuation and Retirement Income Act 2001	Social Security Act 2018	nz/statute/act/public/2001/0084/section/19
act/public/2001/0084	New Zealand Superannuation and Retirement Income Act 2001	Social Security Act 2018	nz/statute/act/public/2001/0084/section/21
act/public/2001/0084	New Zealand Superannuation and Retirement Income Act 2001	Social Security Act 2018	nz/statute/act/public/2001/0084/section/26
act/public/2001/0084	New Zealand Superannuation and Retirement Income Act 2001	Social Security Act 2018	nz/statute/act/public/2001/0084/section/28
act/public/2001/0084	New Zealand Superannuation and Retirement Income Act 2001	Social Security Act 2018	nz/statute/act/public/2001/0084/section/29
act/public/2001/0084	New Zealand Superannuation and Retirement Income Act 2001	Social Security Act 2018	nz/statute/act/public/2001/0084/section/30
act/public/2001/0084	New Zealand Superannuation and Retirement Income Act 2001	Social Security Act 2018	nz/statute/act/public/2001/0084/section/31
act/public/2001/0084	New Zealand Superannuation and Retirement Income Act 2001	Social Security Act 2018	nz/statute/act/public/2001/0084/section/32
act/public/2001/0084	New Zealand Superannuation and Retirement Income Act 2001	Social Security Act 2018	nz/statute/act/public/2001/0084/section/34
act/public/2001/0084	New Zealand Superannuation and Retirement Income Act 2001	Social Security Act 2018	nz/statute/act/public/2001/0084/section/35
act/public/2001/0084	New Zealand Superannuation and Retirement Income Act 2001	Social Security Act 2018	nz/statute/act/public/2001/0084/section/4
act/public/2001/0084	New Zealand Superannuation and Retirement Income Act 2001	Social Security Act 2018	nz/statute/act/public/2001/0084/section/4a
act/public/2001/0084	New Zealand Superannuation and Retirement Income Act 2001	Social Security Act 2018	nz/statute/act/public/2001/0084/section/4aa
act/public/2001/0084	New Zealand Superannuation and Retirement Income Act 2001	Social Security Act 2018	nz/statute/act/public/2001/0084/section/5
act/public/2001/0084	New Zealand Superannuation and Retirement Income Act 2001	Social Security Act 2018	nz/statute/act/public/2001/0084/section/7
act/public/2006/0040	KiwiSaver Act 2006	Accident Compensation Act 2001	nz/statute/act/public/2006/0040/section/4
act/public/2006/0040	KiwiSaver Act 2006	Income Tax Act 2007	nz/statute/act/public/2006/0040/schedule/1/clause/14
act/public/2006/0040	KiwiSaver Act 2006	Income Tax Act 2007	nz/statute/act/public/2006/0040/schedule/1/clause/14c
act/public/2006/0040	KiwiSaver Act 2006	Income Tax Act 2007	nz/statute/act/public/2006/0040/schedule/1/clause/17
act/public/2006/0040	KiwiSaver Act 2006	Income Tax Act 2007	nz/statute/act/public/2006/0040/section/101d
act/public/2006/0040	KiwiSaver Act 2006	Income Tax Act 2007	nz/statute/act/public/2006/0040/section/12
act/public/2006/0040	KiwiSaver Act 2006	Income Tax Act 2007	nz/statute/act/public/2006/0040/section/121
act/public/2006/0040	KiwiSaver Act 2006	Income Tax Act 2007	nz/statute/act/public/2006/0040/section/123
act/public/2006/0040	KiwiSaver Act 2006	Income Tax Act 2007	nz/statute/act/public/2006/0040/section/126
act/public/2006/0040	KiwiSaver Act 2006	Income Tax Act 2007	nz/statute/act/public/2006/0040/section/139
act/public/2006/0040	KiwiSaver Act 2006	Income Tax Act 2007	nz/statute/act/public/2006/0040/section/14
act/public/2006/0040	KiwiSaver Act 2006	Income Tax Act 2007	nz/statute/act/public/2006/0040/section/145
act/public/2006/0040	KiwiSaver Act 2006	Income Tax Act 2007	nz/statute/act/public/2006/0040/section/17
act/public/2006/0040	KiwiSaver Act 2006	Income Tax Act 2007	nz/statute/act/public/2006/0040/section/227
act/public/2006/0040	KiwiSaver Act 2006	Income Tax Act 2007	nz/statute/act/public/2006/0040/section/23
act/public/2006/0040	KiwiSaver Act 2006	Income Tax Act 2007	nz/statute/act/public/2006/0040/section/23a
act/public/2006/0040	KiwiSaver Act 2006	Income Tax Act 2007	nz/statute/act/public/2006/0040/section/34
act/public/2006/0040	KiwiSaver Act 2006	Income Tax Act 2007	nz/statute/act/public/2006/0040/section/4
act/public/2006/0040	KiwiSaver Act 2006	Income Tax Act 2007	nz/statute/act/public/2006/0040/section/57
act/public/2006/0040	KiwiSaver Act 2006	Income Tax Act 2007	nz/statute/act/public/2006/0040/section/6
act/public/2006/0040	KiwiSaver Act 2006	Income Tax Act 2007	nz/statute/act/public/2006/0040/section/63
act/public/2006/0040	KiwiSaver Act 2006	Income Tax Act 2007	nz/statute/act/public/2006/0040/section/65
act/public/2006/0040	KiwiSaver Act 2006	Income Tax Act 2007	nz/statute/act/public/2006/0040/section/67
act/public/2006/0040	KiwiSaver Act 2006	Income Tax Act 2007	nz/statute/act/public/2006/0040/section/69
act/public/2006/0040	KiwiSaver Act 2006	Income Tax Act 2007	nz/statute/act/public/2006/0040/section/73
act/public/2006/0040	KiwiSaver Act 2006	Income Tax Act 2007	nz/statute/act/public/2006/0040/section/78
act/public/2006/0040	KiwiSaver Act 2006	Income Tax Act 2007	nz/statute/act/public/2006/0040/section/8
act/public/2006/0040	KiwiSaver Act 2006	Income Tax Act 2007	nz/statute/act/public/2006/0040/section/86
act/public/2006/0040	KiwiSaver Act 2006	Income Tax Act 2007	nz/statute/act/public/2006/0040/section/91
act/public/2006/0040	KiwiSaver Act 2006	Income Tax Act 2007	nz/statute/act/public/2006/0040/section/93
act/public/2006/0040	KiwiSaver Act 2006	Social Security Act 2018	nz/statute/act/public/2006/0040/schedule/1/clause/13
act/public/2007/0097	Income Tax Act 2007	Accident Compensation Act 2001	nz/statute/act/public/2007/0097/schedule/4/part/i/clause/1
act/public/2007/0097	Income Tax Act 2007	Accident Compensation Act 2001	nz/statute/act/public/2007/0097/section/ce-1
act/public/2007/0097	Income Tax Act 2007	Accident Compensation Act 2001	nz/statute/act/public/2007/0097/section/cf-1
act/public/2007/0097	Income Tax Act 2007	Accident Compensation Act 2001	nz/statute/act/public/2007/0097/section/cw-33
act/public/2007/0097	Income Tax Act 2007	Accident Compensation Act 2001	nz/statute/act/public/2007/0097/section/cw-35
act/public/2007/0097	Income Tax Act 2007	Accident Compensation Act 2001	nz/statute/act/public/2007/0097/section/df-4
act/public/2007/0097	Income Tax Act 2007	Accident Compensation Act 2001	nz/statute/act/public/2007/0097/section/ef-3
act/public/2007/0097	Income Tax Act 2007	Accident Compensation Act 2001	nz/statute/act/public/2007/0097/section/ew-13
act/public/2007/0097	Income Tax Act 2007	Accident Compensation Act 2001	nz/statute/act/public/2007/0097/section/ez-35
act/public/2007/0097	Income Tax Act 2007	Accident Compensation Act 2001	nz/statute/act/public/2007/0097/section/lb-7
act/public/2007/0097	Income Tax Act 2007	Accident Compensation Act 2001	nz/statute/act/public/2007/0097/section/lb-8
act/public/2007/0097	Income Tax Act 2007	Accident Compensation Act 2001	nz/statute/act/public/2007/0097/section/mb-13
act/public/2007/0097	Income Tax Act 2007	Accident Compensation Act 2001	nz/statute/act/public/2007/0097/section/md-9
act/public/2007/0097	Income Tax Act 2007	Accident Compensation Act 2001	nz/statute/act/public/2007/0097/section/ob-1
act/public/2007/0097	Income Tax Act 2007	Accident Compensation Act 2001	nz/statute/act/public/2007/0097/section/ra-22
act/public/2007/0097	Income Tax Act 2007	Accident Compensation Act 2001	nz/statute/act/public/2007/0097/section/rd-20b
act/public/2007/0097	Income Tax Act 2007	Accident Compensation Act 2001	nz/statute/act/public/2007/0097/section/rd-8b
act/public/2007/0097	Income Tax Act 2007	Accident Compensation Act 2001	nz/statute/act/public/2007/0097/section/ya-1
act/public/2007/0097	Income Tax Act 2007	Social Security Act 2018	nz/statute/act/public/2007/0097/section/cw-28
act/public/2007/0097	Income Tax Act 2007	Social Security Act 2018	nz/statute/act/public/2007/0097/section/cw-33
act/public/2007/0097	Income Tax Act 2007	Social Security Act 2018	nz/statute/act/public/2007/0097/section/hc-35
act/public/2007/0097	Income Tax Act 2007	Social Security Act 2018	nz/statute/act/public/2007/0097/section/hc-39
act/public/2007/0097	Income Tax Act 2007	Social Security Act 2018	nz/statute/act/public/2007/0097/section/ma-8
act/public/2007/0097	Income Tax Act 2007	Social Security Act 2018	nz/statute/act/public/2007/0097/section/mb-13
act/public/2007/0097	Income Tax Act 2007	Social Security Act 2018	nz/statute/act/public/2007/0097/section/mc-5
act/public/2007/0097	Income Tax Act 2007	Social Security Act 2018	nz/statute/act/public/2007/0097/section/mf-7
act/public/2007/0097	Income Tax Act 2007	Social Security Act 2018	nz/statute/act/public/2007/0097/section/rd-20c
act/public/2007/0097	Income Tax Act 2007	Social Security Act 2018	nz/statute/act/public/2007/0097/section/ya-1
act/public/2009/0051	Immigration Act 2009	Social Security Act 2018	nz/statute/act/public/2009/0051/section/298
act/public/2009/0051	Immigration Act 2009	Social Security Act 2018	nz/statute/act/public/2009/0051/section/299
act/public/2011/0062	Student Loan Scheme Act 2011	Income Tax Act 2007	nz/statute/act/public/2011/0062/schedule/1/clause/5
act/public/2011/0062	Student Loan Scheme Act 2011	Income Tax Act 2007	nz/statute/act/public/2011/0062/schedule/2
act/public/2011/0062	Student Loan Scheme Act 2011	Income Tax Act 2007	nz/statute/act/public/2011/0062/schedule/3/clause/1
act/public/2011/0062	Student Loan Scheme Act 2011	Income Tax Act 2007	nz/statute/act/public/2011/0062/schedule/3/clause/12a
act/public/2011/0062	Student Loan Scheme Act 2011	Income Tax Act 2007	nz/statute/act/public/2011/0062/schedule/4
act/public/2011/0062	Student Loan Scheme Act 2011	Income Tax Act 2007	nz/statute/act/public/2011/0062/section/156
act/public/2011/0062	Student Loan Scheme Act 2011	Income Tax Act 2007	nz/statute/act/public/2011/0062/section/202
act/public/2011/0062	Student Loan Scheme Act 2011	Income Tax Act 2007	nz/statute/act/public/2011/0062/section/27b
act/public/2011/0062	Student Loan Scheme Act 2011	Income Tax Act 2007	nz/statute/act/public/2011/0062/section/4
act/public/2011/0062	Student Loan Scheme Act 2011	Income Tax Act 2007	nz/statute/act/public/2011/0062/section/40
act/public/2011/0062	Student Loan Scheme Act 2011	Income Tax Act 2007	nz/statute/act/public/2011/0062/section/5
act/public/2011/0062	Student Loan Scheme Act 2011	Income Tax Act 2007	nz/statute/act/public/2011/0062/section/73
act/public/2011/0062	Student Loan Scheme Act 2011	Income Tax Act 2007	nz/statute/act/public/2011/0062/section/81
act/public/2011/0062	Student Loan Scheme Act 2011	Income Tax Act 2007	nz/statute/act/public/2011/0062/section/83
act/public/2011/0062	Student Loan Scheme Act 2011	Income Tax Act 2007	nz/statute/act/public/2011/0062/section/84
act/public/2011/0062	Student Loan Scheme Act 2011	Social Security Act 2018	nz/statute/act/public/2011/0062/section/207
act/public/2011/0062	Student Loan Scheme Act 2011	Social Security Act 2018	nz/statute/act/public/2011/0062/section/4
act/public/2011/0062	Student Loan Scheme Act 2011	Social Security Act 2018	nz/statute/act/public/2011/0062/section/40
act/public/2018/0004	Customs and Excise Act 2018	Accident Compensation Act 2001	nz/statute/act/public/2018/0004/schedule/3/part/1/subpart/1/clause/10
act/public/2018/0004	Customs and Excise Act 2018	Accident Compensation Act 2001	nz/statute/act/public/2018/0004/section/174
act/public/2018/0004	Customs and Excise Act 2018	Accident Compensation Act 2001	nz/statute/act/public/2018/0004/section/5
act/public/2018/0004	Customs and Excise Act 2018	Income Tax Act 2007	nz/statute/act/public/2018/0004/section/102
act/public/2018/0004	Customs and Excise Act 2018	Income Tax Act 2007	nz/statute/act/public/2018/0004/section/136
act/public/2018/0004	Customs and Excise Act 2018	Social Security Act 2018	nz/statute/act/public/2018/0004/section/308
act/public/2018/0004	Customs and Excise Act 2018	Social Security Act 2018	nz/statute/act/public/2018/0004/section/309
act/public/2018/0004	Customs and Excise Act 2018	Social Security Act 2018	nz/statute/act/public/2018/0004/section/314
act/public/2018/0032	Social Security Act 2018	Accident Compensation Act 2001	nz/statute/act/public/2018/0032/schedule/2/definition/accident-compensation-corporation
act/public/2018/0032	Social Security Act 2018	Accident Compensation Act 2001	nz/statute/act/public/2018/0032/schedule/2/definition/debtor-s-payer
act/public/2018/0032	Social Security Act 2018	Accident Compensation Act 2001	nz/statute/act/public/2018/0032/schedule/3/part/2/clause/5
act/public/2018/0032	Social Security Act 2018	Accident Compensation Act 2001	nz/statute/act/public/2018/0032/schedule/3/part/2/clause/8
act/public/2018/0032	Social Security Act 2018	Accident Compensation Act 2001	nz/statute/act/public/2018/0032/schedule/3/part/4/clause/16
act/public/2018/0032	Social Security Act 2018	Accident Compensation Act 2001	nz/statute/act/public/2018/0032/section/187
act/public/2018/0032	Social Security Act 2018	Accident Compensation Act 2001	nz/statute/act/public/2018/0032/section/191
act/public/2018/0032	Social Security Act 2018	Accident Compensation Act 2001	nz/statute/act/public/2018/0032/section/197
act/public/2018/0032	Social Security Act 2018	Accident Compensation Act 2001	nz/statute/act/public/2018/0032/section/198
act/public/2018/0032	Social Security Act 2018	Accident Compensation Act 2001	nz/statute/act/public/2018/0032/section/198a
act/public/2018/0032	Social Security Act 2018	Accident Compensation Act 2001	nz/statute/act/public/2018/0032/section/312
act/public/2018/0032	Social Security Act 2018	Accident Compensation Act 2001	nz/statute/act/public/2018/0032/section/326
act/public/2018/0032	Social Security Act 2018	Accident Compensation Act 2001	nz/statute/act/public/2018/0032/section/69
act/public/2018/0032	Social Security Act 2018	Accident Compensation Act 2001	nz/statute/act/public/2018/0032/section/83
act/public/2018/0032	Social Security Act 2018	Accident Compensation Act 2001	nz/statute/act/public/2018/0032/section/87
act/public/2018/0032	Social Security Act 2018	Accident Compensation Act 2001	nz/statute/act/public/2018/0032/section/94
act/public/2018/0032	Social Security Act 2018	Income Tax Act 2007	nz/statute/act/public/2018/0032/schedule/2/definition/income-tax
act/public/2018/0032	Social Security Act 2018	Income Tax Act 2007	nz/statute/act/public/2018/0032/schedule/2/definition/wff-tax-credit
act/public/2018/0032	Social Security Act 2018	Income Tax Act 2007	nz/statute/act/public/2018/0032/schedule/3/part/2/clause/8
act/public/2018/0032	Social Security Act 2018	Income Tax Act 2007	nz/statute/act/public/2018/0032/schedule/3/part/3/clause/15
act/public/2018/0032	Social Security Act 2018	Income Tax Act 2007	nz/statute/act/public/2018/0032/section/112
act/public/2018/0032	Social Security Act 2018	Income Tax Act 2007	nz/statute/act/public/2018/0032/section/349
act/public/2018/0032	Social Security Act 2018	Income Tax Act 2007	nz/statute/act/public/2018/0032/section/351
act/public/2018/0032	Social Security Act 2018	Income Tax Act 2007	nz/statute/act/public/2018/0032/section/442
act/public/2018/0032	Social Security Act 2018	Income Tax Act 2007	nz/statute/act/public/2018/0032/section/59
act/public/2018/0032	Social Security Act 2018	Income Tax Act 2007	nz/statute/act/public/2018/0032/section/98
act/public/2026/0008	Taxation (Annual Rates for 2025–26, Compliance Simplification, and Remedial Measures) Act 2026	Accident Compensation Act 2001	nz/statute/act/public/2026/0008/section/179
act/public/2026/0008	Taxation (Annual Rates for 2025–26, Compliance Simplification, and Remedial Measures) Act 2026	Accident Compensation Act 2001	nz/statute/act/public/2026/0008/section/237
act/public/2026/0008	Taxation (Annual Rates for 2025–26, Compliance Simplification, and Remedial Measures) Act 2026	Income Tax Act 2007	nz/statute/act/public/2026/0008/section/146
act/public/2026/0008	Taxation (Annual Rates for 2025–26, Compliance Simplification, and Remedial Measures) Act 2026	Income Tax Act 2007	nz/statute/act/public/2026/0008/section/148
act/public/2026/0008	Taxation (Annual Rates for 2025–26, Compliance Simplification, and Remedial Measures) Act 2026	Income Tax Act 2007	nz/statute/act/public/2026/0008/section/181
act/public/2026/0008	Taxation (Annual Rates for 2025–26, Compliance Simplification, and Remedial Measures) Act 2026	Income Tax Act 2007	nz/statute/act/public/2026/0008/section/196
act/public/2026/0008	Taxation (Annual Rates for 2025–26, Compliance Simplification, and Remedial Measures) Act 2026	Income Tax Act 2007	nz/statute/act/public/2026/0008/section/202
act/public/2026/0008	Taxation (Annual Rates for 2025–26, Compliance Simplification, and Remedial Measures) Act 2026	Income Tax Act 2007	nz/statute/act/public/2026/0008/section/205
act/public/2026/0008	Taxation (Annual Rates for 2025–26, Compliance Simplification, and Remedial Measures) Act 2026	Income Tax Act 2007	nz/statute/act/public/2026/0008/section/207
act/public/2026/0008	Taxation (Annual Rates for 2025–26, Compliance Simplification, and Remedial Measures) Act 2026	Income Tax Act 2007	nz/statute/act/public/2026/0008/section/209
act/public/2026/0008	Taxation (Annual Rates for 2025–26, Compliance Simplification, and Remedial Measures) Act 2026	Income Tax Act 2007	nz/statute/act/public/2026/0008/section/212
act/public/2026/0008	Taxation (Annual Rates for 2025–26, Compliance Simplification, and Remedial Measures) Act 2026	Income Tax Act 2007	nz/statute/act/public/2026/0008/section/213
act/public/2026/0008	Taxation (Annual Rates for 2025–26, Compliance Simplification, and Remedial Measures) Act 2026	Income Tax Act 2007	nz/statute/act/public/2026/0008/section/222
act/public/2026/0008	Taxation (Annual Rates for 2025–26, Compliance Simplification, and Remedial Measures) Act 2026	Income Tax Act 2007	nz/statute/act/public/2026/0008/section/246
act/public/2026/0008	Taxation (Annual Rates for 2025–26, Compliance Simplification, and Remedial Measures) Act 2026	Income Tax Act 2007	nz/statute/act/public/2026/0008/section/247
act/public/2026/0008	Taxation (Annual Rates for 2025–26, Compliance Simplification, and Remedial Measures) Act 2026	Income Tax Act 2007	nz/statute/act/public/2026/0008/section/249
act/public/2026/0008	Taxation (Annual Rates for 2025–26, Compliance Simplification, and Remedial Measures) Act 2026	Income Tax Act 2007	nz/statute/act/public/2026/0008/section/250
act/public/2026/0008	Taxation (Annual Rates for 2025–26, Compliance Simplification, and Remedial Measures) Act 2026	Income Tax Act 2007	nz/statute/act/public/2026/0008/section/3
act/public/2026/0008	Taxation (Annual Rates for 2025–26, Compliance Simplification, and Remedial Measures) Act 2026	Income Tax Act 2007	nz/statute/act/public/2026/0008/section/4
act/public/2026/0008	Taxation (Annual Rates for 2025–26, Compliance Simplification, and Remedial Measures) Act 2026	Income Tax Act 2007	nz/statute/act/public/2026/0008/section/50
regulation/public/1993/0169	Health Entitlement Cards Regulations 1993	Accident Compensation Act 2001	nz/regulation/regulation/public/1993/0169/regulation/17
regulation/public/1993/0169	Health Entitlement Cards Regulations 1993	Income Tax Act 2007	nz/regulation/regulation/public/1993/0169/regulation/2
regulation/public/1993/0169	Health Entitlement Cards Regulations 1993	Income Tax Act 2007	nz/regulation/regulation/public/1993/0169/regulation/8
regulation/public/1993/0169	Health Entitlement Cards Regulations 1993	Social Security Act 2018	nz/regulation/regulation/public/1993/0169/regulation/10
regulation/public/1993/0169	Health Entitlement Cards Regulations 1993	Social Security Act 2018	nz/regulation/regulation/public/1993/0169/regulation/2
regulation/public/1993/0169	Health Entitlement Cards Regulations 1993	Social Security Act 2018	nz/regulation/regulation/public/1993/0169/regulation/8
regulation/public/1993/0169	Health Entitlement Cards Regulations 1993	Social Security Act 2018	nz/regulation/regulation/public/1993/0169/regulation/9
regulation/public/1998/0277	Student Allowances Regulations 1998	Accident Compensation Act 2001	nz/regulation/regulation/public/1998/0277/regulation/2
regulation/public/1998/0277	Student Allowances Regulations 1998	Income Tax Act 2007	nz/regulation/regulation/public/1998/0277/regulation/2
regulation/public/1998/0277	Student Allowances Regulations 1998	Social Security Act 2018	nz/regulation/regulation/public/1998/0277/regulation/13
regulation/public/1998/0277	Student Allowances Regulations 1998	Social Security Act 2018	nz/regulation/regulation/public/1998/0277/regulation/2
regulation/public/1998/0277	Student Allowances Regulations 1998	Social Security Act 2018	nz/regulation/regulation/public/1998/0277/regulation/24a
regulation/public/2018/0202	Social Security Regulations 2018	Accident Compensation Act 2001	nz/regulation/regulation/public/2018/0202/regulation/120
regulation/public/2018/0202	Social Security Regulations 2018	Accident Compensation Act 2001	nz/regulation/regulation/public/2018/0202/regulation/217
regulation/public/2018/0202	Social Security Regulations 2018	Accident Compensation Act 2001	nz/regulation/regulation/public/2018/0202/regulation/57
regulation/public/2018/0202	Social Security Regulations 2018	Accident Compensation Act 2001	nz/regulation/regulation/public/2018/0202/schedule/8/part/15/clause/22
regulation/public/2018/0202	Social Security Regulations 2018	Income Tax Act 2007	nz/regulation/regulation/public/2018/0202/regulation/17
regulation/public/2018/0202	Social Security Regulations 2018	Income Tax Act 2007	nz/regulation/regulation/public/2018/0202/regulation/182
regulation/public/2018/0202	Social Security Regulations 2018	Income Tax Act 2007	nz/regulation/regulation/public/2018/0202/regulation/191
regulation/public/2018/0202	Social Security Regulations 2018	Income Tax Act 2007	nz/regulation/regulation/public/2018/0202/regulation/224
regulation/public/2018/0202	Social Security Regulations 2018	Income Tax Act 2007	nz/regulation/regulation/public/2018/0202/regulation/66
regulation/public/2018/0202	Social Security Regulations 2018	Income Tax Act 2007	nz/regulation/regulation/public/2018/0202/regulation/69
regulation/public/2018/0202	Social Security Regulations 2018	Income Tax Act 2007	nz/regulation/regulation/public/2018/0202/regulation/7
regulation/public/2018/0202	Social Security Regulations 2018	Income Tax Act 2007	nz/regulation/regulation/public/2018/0202/schedule/3/part/1
regulation/public/2018/0202	Social Security Regulations 2018	Income Tax Act 2007	nz/regulation/regulation/public/2018/0202/schedule/8/part/14/clause/20
regulation/public/2018/0202	Social Security Regulations 2018	Income Tax Act 2007	nz/regulation/regulation/public/2018/0202/schedule/8/part/21/clause/36
regulation/public/2018/0202	Social Security Regulations 2018	Income Tax Act 2007	nz/regulation/regulation/public/2018/0202/schedule/8/part/39/clause/68
regulation/public/2018/0202	Social Security Regulations 2018	Social Security Act 2018	nz/regulation/regulation/public/2018/0202/regulation/282
regulation/public/2018/0202	Social Security Regulations 2018	Social Security Act 2018	nz/regulation/regulation/public/2018/0202/regulation/3
regulation/public/2025/0018	Accident Compensation (Earners’ Levy) Regulations 2025	Accident Compensation Act 2001	nz/regulation/regulation/public/2025/0018/regulation/3
regulation/public/2026/0036	Social Security (Rates of Benefits and Allowances) Order 2026	Social Security Act 2018	nz/regulation/regulation/public/2026/0036/regulation/4
regulation/public/2026/0036	Social Security (Rates of Benefits and Allowances) Order 2026	Social Security Act 2018	nz/regulation/regulation/public/2026/0036/regulation/5
regulation/public/2026/0036	Social Security (Rates of Benefits and Allowances) Order 2026	Social Security Act 2018	nz/regulation/regulation/public/2026/0036/regulation/7
regulation/public/2026/0036	Social Security (Rates of Benefits and Allowances) Order 2026	Social Security Act 2018	nz/regulation/regulation/public/2026/0036/schedule/1/part/1
